"StoreID","Name","SalesPersonEmployeeID","ModifiedDate"
292,"Next-Door Bike Store",279,"2014-09-12 11:15:07"
294,"Professional Sales and Service",276,"2014-09-12 11:15:07"
296,"Riders Company",277,"2014-09-12 11:15:07"
298,"The Bike Mechanics",275,"2014-09-12 11:15:07"
300,"Nationwide Supply",286,"2014-09-12 11:15:07"
302,"Area Bike Accessories",281,"2014-09-12 11:15:07"
304,"Bicycle Accessories and Kits",283,"2014-09-12 11:15:07"
306,"Clamps & Brackets Co.",275,"2014-09-12 11:15:07"
308,"Valley Bicycle Specialists",277,"2014-09-12 11:15:07"
310,"New Bikes Company",279,"2014-09-12 11:15:07"
312,"Vinyl and Plastic ods Corporatio",282,"2014-09-12 11:15:07"
314,"Top of the Line Bikes",288,"2014-09-12 11:15:07"
316,"Fun Toys and Bikes",281,"2014-09-12 11:15:07"
318,"Great Bikes ",283,"2014-09-12 11:15:07"
320,"Metropolitan Sales and Rental",275,"2014-09-12 11:15:07"
322,"Irregulars Outlet",288,"2014-09-12 11:15:07"
324,"Valley Toy Store",282,"2014-09-12 11:15:07"
326,"Worthwhile Activity Store",279,"2014-09-12 11:15:07"
328,"Purchase Mart",275,"2014-09-12 11:15:07"
330,"Major Sport Suppliers",283,"2014-09-12 11:15:07"
332,"Family's Favorite Bike Shop",278,"2014-09-12 11:15:07"
334,"Global Plaza",279,"2014-09-12 11:15:07"
336,"Imported and Domestic Cycles",276,"2014-09-12 11:15:07"
338,"Systematic Sales",281,"2014-09-12 11:15:07"
340,"eCommerce Bikes",279,"2014-09-12 11:15:07"
342,"Mountain Toy Store",277,"2014-09-12 11:15:07"
344,"Retail Sales and Service",275,"2014-09-12 11:15:07"
346,"Designated Distributors",282,"2014-09-12 11:15:07"
348,"Bold Bike Accessories",276,"2014-09-12 11:15:07"
350,"Twin Cycles",286,"2014-09-12 11:15:07"
352,"Tiny Bike Boutique",279,"2014-09-12 11:15:07"
354,"Acclaimed Bicycle Company",279,"2014-09-12 11:15:07"
356,"Serious Cycles",278,"2014-09-12 11:15:07"
358,"Quality Bike Sales",286,"2014-09-12 11:15:07"
360,"Novelty Bikes",275,"2014-09-12 11:15:07"
362,"Distinctive Cycles Sales & Service",279,"2014-09-12 11:15:07"
364,"Leading Bike Distributors",279,"2014-09-12 11:15:07"
366,"Activity Center",279,"2014-09-12 11:15:07"
368,"Brightwork Company",281,"2014-09-12 11:15:07"
370,"Resale Services",276,"2014-09-12 11:15:07"
372,"The Gear Store",277,"2014-09-12 11:15:07"
374,"Immense Manufacturing Company",277,"2014-09-12 11:15:07"
376,"Extended Bike Sales",276,"2014-09-12 11:15:07"
378,"Pedaling Components",288,"2014-09-12 11:15:07"
380,"Workout Emporium",282,"2014-09-12 11:15:07"
382,"Work and Play Associatio",275,"2014-09-12 11:15:07"
384,"Seaside Bike Works",286,"2014-09-12 11:15:07"
386,"Nice Bikes",278,"2014-09-12 11:15:07"
388,"Remarkable Bike Store",276,"2014-09-12 11:15:07"
390,"Road-Way Mart",283,"2014-09-12 11:15:07"
392,"Small Cycle Store",275,"2014-09-12 11:15:07"
394,"Blue-Ribbon Bike Company",279,"2014-09-12 11:15:07"
396,"Flawless Bike Shop",276,"2014-09-12 11:15:07"
398,"Grand Bicycle Stores",277,"2014-09-12 11:15:07"
400,"Exertion Activities Club",281,"2014-09-12 11:15:07"
402,"Impromptu Trips",283,"2014-09-12 11:15:07"
404,"Margie's Travel",275,"2014-09-12 11:15:07"
406,"Kickstand Sellers",275,"2014-09-12 11:15:07"
408,"Nearest Bike Store",286,"2014-09-12 11:15:07"
410,"Fast Bike Works",286,"2014-09-12 11:15:07"
412,"Gasless Cycle Shop",278,"2014-09-12 11:15:07"
414,"Lubricant and Grease Suppliers",279,"2014-09-12 11:15:07"
416,"Teen Discount Store",288,"2014-09-12 11:15:07"
418,"Transportation Options",282,"2014-09-12 11:15:07"
420,"Capital Riding Supplies",288,"2014-09-12 11:15:07"
422,"Bike Boutique",275,"2014-09-12 11:15:07"
424,"Bikes Anyone?",275,"2014-09-12 11:15:07"
426,"Cross-town Parts Shop",286,"2014-09-12 11:15:07"
428,"Finer Cycle Shop",278,"2014-09-12 11:15:07"
430,"Center Cycle Shop",280,"2014-09-12 11:15:07"
432,"Bulk Discount Store",289,"2014-09-12 11:15:07"
434,"Country Parts Shop",290,"2014-09-12 11:15:07"
436,"Second Bike Shop",286,"2014-09-12 11:15:07"
438,"First-Rate Outlet",278,"2014-09-12 11:15:07"
440,"Juvenile Sports Equipment",279,"2014-09-12 11:15:07"
442,"Another Bicycle Company",283,"2014-09-12 11:15:07"
444,"Fourth Bike Store",275,"2014-09-12 11:15:07"
446,"Rodeway Bike Store",288,"2014-09-12 11:15:07"
448,"Traction Tire Company",276,"2014-09-12 11:15:07"
450,"Unsurpassed Bikes",277,"2014-09-12 11:15:07"
452,"Field Trip Inc",275,"2014-09-12 11:15:07"
454,"Tire Company",275,"2014-09-12 11:15:07"
456,"Uncompromising Quality Co",286,"2014-09-12 11:15:07"
458,"Metallic Paint and Overcoat Co",281,"2014-09-12 11:15:07"
460,"Pro Sporting ods",276,"2014-09-12 11:15:07"
462,"Sporting ods and Bicycle Shop",279,"2014-09-12 11:15:07"
464,"Odometers and Accessories Company",278,"2014-09-12 11:15:07"
466,"Scratch-Resistant Finishes Company",282,"2014-09-12 11:15:07"
468,"Topnotch Bikes",279,"2014-09-12 11:15:07"
470,"Unicycles, Bicycles, and Tricycles",281,"2014-09-12 11:15:07"
472,"Safe Cycles Shop",283,"2014-09-12 11:15:07"
474,"Number 1 Supply",281,"2014-09-12 11:15:07"
476,"Industrial Supplies",279,"2014-09-12 11:15:07"
478,"lf and Cycle Store",281,"2014-09-12 11:15:07"
480,"Front Runner Bikes",279,"2014-09-12 11:15:07"
482,"Favorite Toy Distributor",290,"2014-09-12 11:15:07"
484,"World Bike Discount Store",276,"2014-09-12 11:15:07"
486,"Global Sporting ods",277,"2014-09-12 11:15:07"
488,"Historic Bicycle Sales",275,"2014-09-12 11:15:07"
490,"Commuter Bicycle Store",282,"2014-09-12 11:15:07"
492,"Coalition Bike Company",281,"2014-09-12 11:15:07"
494,"Travel Systems",277,"2014-09-12 11:15:07"
496,"Grease and Oil Products Company",277,"2014-09-12 11:15:07"
498,"Moderately-Priced Bikes Store",280,"2014-09-12 11:15:07"
500,"Toy Manufacturing Inc",278,"2014-09-12 11:15:07"
502,"Eighty Toy Stores",279,"2014-09-12 11:15:07"
504,"Economy Bikes Company",276,"2014-09-12 11:15:07"
506,"Third Bike Store",277,"2014-09-12 11:15:07"
508,"Atypical Bike Company",290,"2014-09-12 11:15:07"
510,"Bikes for Two",282,"2014-09-12 11:15:07"
512,"Metal Processing Company",278,"2014-09-12 11:15:07"
514,"Widget Bicycle Specialists",279,"2014-09-12 11:15:07"
516,"Initial Bike Company",281,"2014-09-12 11:15:07"
518,"Latest Sports Equipment",283,"2014-09-12 11:15:07"
520,"Modern Bike Store",275,"2014-09-12 11:15:07"
522,"Raw Materials Inc",280,"2014-09-12 11:15:07"
524,"Lots of Bikes Storehouse",277,"2014-09-12 11:15:07"
526,"Futuristic Bikes",281,"2014-09-12 11:15:07"
528,"Parcel Express Delivery Service",283,"2014-09-12 11:15:07"
530,"Outdoor Distributors",275,"2014-09-12 11:15:07"
532,"North Bike Company",288,"2014-09-12 11:15:07"
534,"Prosperous Tours",289,"2014-09-12 11:15:07"
536,"Nonskid Tire Company",280,"2014-09-12 11:15:07"
538,"Amalgamated Parts Shop",288,"2014-09-12 11:15:07"
540,"Metro Bike Works",275,"2014-09-12 11:15:07"
542,"Best o' Bikes",277,"2014-09-12 11:15:07"
544,"Painters Bicycle Specialists",275,"2014-09-12 11:15:07"
546,"Client Discount Store",277,"2014-09-12 11:15:07"
548,"Eastside Sporting ods",275,"2014-09-12 11:15:07"
550,"Helmets and Cycles",286,"2014-09-12 11:15:07"
552,"Requisite Part Supply",282,"2014-09-12 11:15:07"
554,"Racks and Security Systems",279,"2014-09-12 11:15:07"
556,"Mechanical Products Ltd.",281,"2014-09-12 11:15:07"
558,"Commendable Bikes",283,"2014-09-12 11:15:07"
560,"Online Bike Sellers",275,"2014-09-12 11:15:07"
562,"Custom Accessories Company",278,"2014-09-12 11:15:07"
564,"Unusual Bicycle Company",286,"2014-09-12 11:15:07"
566,"Courteous Bicycle Specialists",282,"2014-09-12 11:15:07"
568,"Hobby Store",279,"2014-09-12 11:15:07"
570,"Professional Cycle Store",281,"2014-09-12 11:15:07"
572,"Bike Universe",281,"2014-09-12 11:15:07"
574,"Fifth Bike Store",283,"2014-09-12 11:15:07"
576,"Independent Outlet",275,"2014-09-12 11:15:07"
578,"Rambling Tours",288,"2014-09-12 11:15:07"
580,"Farthest Bike Store",282,"2014-09-12 11:15:07"
582,"Excellent Bikes",288,"2014-09-12 11:15:07"
584,"Curbside Universe",275,"2014-09-12 11:15:07"
586,"Alternative Vehicles",280,"2014-09-12 11:15:07"
588,"Channel Outlet",289,"2014-09-12 11:15:07"
590,"Full Sports Supply",290,"2014-09-12 11:15:07"
592,"Retail Mall",282,"2014-09-12 11:15:07"
594,"Racing Store",290,"2014-09-12 11:15:07"
596,"Metro Metals Co.",289,"2014-09-12 11:15:07"
598,"Sheet Metal Manufacturing",277,"2014-09-12 11:15:07"
600,"Thorough Parts and Repair Services",280,"2014-09-12 11:15:07"
602,"Uttermost Bike Shop",289,"2014-09-12 11:15:07"
604,"Mechanical Sports Center",275,"2014-09-12 11:15:07"
606,"Speedometer Sales",288,"2014-09-12 11:15:07"
608,"Two-Wheeled Transit Company",282,"2014-09-12 11:15:07"
610,"Mountain Emporium",279,"2014-09-12 11:15:07"
612,"Metro Cycle Shop",283,"2014-09-12 11:15:07"
614,"Outdoor Sporting ods",281,"2014-09-12 11:15:07"
616,"Tread Industries",279,"2014-09-12 11:15:07"
618,"Petroleum Products Distributors",282,"2014-09-12 11:15:07"
620,"Tandem Bicycle Store",279,"2014-09-12 11:15:07"
622,"Bikes and Motorbikes",278,"2014-09-12 11:15:07"
624,"Budget Toy Store",286,"2014-09-12 11:15:07"
626,"Camping and Sports Store",282,"2014-09-12 11:15:07"
628,"Ace Bicycle Supply",290,"2014-09-12 11:15:07"
630,"Rural Department Store",281,"2014-09-12 11:15:07"
632,"Sports Commodities",283,"2014-09-12 11:15:07"
634,"Riverside Company",275,"2014-09-12 11:15:07"
636,"Bicycle Exporters",288,"2014-09-12 11:15:07"
638,"Responsible Bike Dealers",277,"2014-09-12 11:15:07"
640,"Western Bike Supplies",281,"2014-09-12 11:15:07"
642,"Advanced Bike Components",277,"2014-09-12 11:15:07"
644,"Aerobic Exercise Company",276,"2014-09-12 11:15:07"
646,"Rural Sporting ods",288,"2014-09-12 11:15:07"
648,"Corner Bicycle Supply",282,"2014-09-12 11:15:07"
650,"Distance Bikes",279,"2014-09-12 11:15:07"
652,"Westside Plaza",281,"2014-09-12 11:15:07"
654,"Ultimate Bike Shop",279,"2014-09-12 11:15:07"
656,"Outstanding Cycles",283,"2014-09-12 11:15:07"
658,"Virous Sports Store",289,"2014-09-12 11:15:07"
660,"Sports Merchandise",280,"2014-09-12 11:15:07"
662,"Fitness Toy Store",277,"2014-09-12 11:15:07"
664,"Casual Bicycle Store",275,"2014-09-12 11:15:07"
666,"Fitness Discount Store",286,"2014-09-12 11:15:07"
668,"General Cycle Storehouse",278,"2014-09-12 11:15:07"
670,"Fitness Cycling",281,"2014-09-12 11:15:07"
672,"od Bike Shop",277,"2014-09-12 11:15:07"
674,"Imaginary Toys",280,"2014-09-12 11:15:07"
676,"Inexpensive Parts Shop",286,"2014-09-12 11:15:07"
678,"Nuts and Bolts Mfg.",278,"2014-09-12 11:15:07"
680,"Principal Bicycle Supply",279,"2014-09-12 11:15:07"
682,"Thrilling Bike Tours",276,"2014-09-12 11:15:07"
684,"This Area Sporting ods",277,"2014-09-12 11:15:07"
686,"Full-Service Bike Store",275,"2014-09-12 11:15:07"
688,"Plastic Products Manufacturers",286,"2014-09-12 11:15:07"
690,"Kids and Adults Cycle Shop",286,"2014-09-12 11:15:07"
692,"Grand Discount Store",275,"2014-09-12 11:15:07"
694,"Genuine Bike Shop",277,"2014-09-12 11:15:07"
696,"Extreme Riding Supplies",276,"2014-09-12 11:15:07"
698,"Bike Rims Company",279,"2014-09-12 11:15:07"
700,"Fleet Bikes",276,"2014-09-12 11:15:07"
702,"Local Hardware Factory",277,"2014-09-12 11:15:07"
704,"Only Bikes and Accessories",275,"2014-09-12 11:15:07"
706,"Rental Gallery",286,"2014-09-12 11:15:07"
708,"South Bike Company",278,"2014-09-12 11:15:07"
710,"Wonderful Bikes Inc.",279,"2014-09-12 11:15:07"
712,"Another Sporting ods Company",276,"2014-09-12 11:15:07"
714,"Discount Bicycle Specialists",277,"2014-09-12 11:15:07"
716,"Famous Bike Sales and Service",275,"2014-09-12 11:15:07"
718,"First Supplies",286,"2014-09-12 11:15:07"
720,"Machines & Cycles Store",278,"2014-09-12 11:15:07"
722,"Pedals Warehouse",279,"2014-09-12 11:15:07"
724,"Two Wheels Cycle Store",276,"2014-09-12 11:15:07"
726,"Westside Cycle Store",277,"2014-09-12 11:15:07"
728,"Wholesale Bikes",275,"2014-09-12 11:15:07"
730,"Very Best Sports Supply",288,"2014-09-12 11:15:07"
732,"Urban Sports Emporium",282,"2014-09-12 11:15:07"
734,"Superlative Bikes",279,"2014-09-12 11:15:07"
736,"Primary Cycle Shop",288,"2014-09-12 11:15:07"
738,"Sixth Bike Store",282,"2014-09-12 11:15:07"
740,"Touring Services",279,"2014-09-12 11:15:07"
742,"Vehicle Shop",281,"2014-09-12 11:15:07"
744,"First Department Stores",283,"2014-09-12 11:15:07"
746,"Grand Sport Boutique",275,"2014-09-12 11:15:07"
748,"Major Equipment Co",288,"2014-09-12 11:15:07"
750,"Custom Sales and Service",282,"2014-09-12 11:15:07"
752,"Elemental Sporting ods",279,"2014-09-12 11:15:07"
754,"Distinctive Store",281,"2014-09-12 11:15:07"
756,"Grand Cycle Store",283,"2014-09-12 11:15:07"
758,"Nearby Bike Mall",288,"2014-09-12 11:15:07"
760,"Handy Bike Services",275,"2014-09-12 11:15:07"
762,"Friendly Bike Shop",283,"2014-09-12 11:15:07"
764,"Fashionable Bikes and Accessories",281,"2014-09-12 11:15:07"
766,"Extreme Toy Store",279,"2014-09-12 11:15:07"
768,"Citywide Service and Repair",282,"2014-09-12 11:15:07"
770,"Best Cycle Store",288,"2014-09-12 11:15:07"
772,"Professional Sporting ods",275,"2014-09-12 11:15:07"
774,"Rugged Bikes",283,"2014-09-12 11:15:07"
776,"Principal Bike Company",281,"2014-09-12 11:15:07"
778,"One-Piece Handle Bars",279,"2014-09-12 11:15:07"
780,"Finer Riding Supplies",282,"2014-09-12 11:15:07"
782,"Neighborhood Store",278,"2014-09-12 11:15:07"
784,"Online Bike Catalog",286,"2014-09-12 11:15:07"
786,"Outdoor Equipment Store",275,"2014-09-12 11:15:07"
788,"Paint Supply",277,"2014-09-12 11:15:07"
790,"Preferred Bikes",276,"2014-09-12 11:15:07"
792,"Rally Day Mall",279,"2014-09-12 11:15:07"
794,"Rewarding Activities Company",278,"2014-09-12 11:15:07"
796,"Rich Department Store",286,"2014-09-12 11:15:07"
798,"Sales and Supply Company",275,"2014-09-12 11:15:07"
800,"Stationary Bikes and Stands",277,"2014-09-12 11:15:07"
802,"Successful Sales Company",280,"2014-09-12 11:15:07"
804,"Downtown Hotel",281,"2014-09-12 11:15:07"
806,"Certified Sports Supply",282,"2014-09-12 11:15:07"
808,"Registered Cycle Store",290,"2014-09-12 11:15:07"
810,"Rampart Amusement Company",289,"2014-09-12 11:15:07"
812,"Sundry Sporting ods",282,"2014-09-12 11:15:07"
814,"Excellent Riding Supplies",279,"2014-09-12 11:15:07"
816,"Farthermost Bike Shop",281,"2014-09-12 11:15:07"
818,"Suburban Cycle Shop",283,"2014-09-12 11:15:07"
820,"Weekend Tours",275,"2014-09-12 11:15:07"
822,"Racing Bike Outlet",283,"2014-09-12 11:15:07"
824,"Utilitarian Sporting ods",281,"2014-09-12 11:15:07"
826,"Bike ods ",279,"2014-09-12 11:15:07"
828,"Virous Exercise Company",282,"2014-09-12 11:15:07"
830,"Showcase for Cycles",288,"2014-09-12 11:15:07"
832,"Lease-a-Bike Shop",275,"2014-09-12 11:15:07"
834,"Functional Store South",288,"2014-09-12 11:15:07"
836,"Active Cycling",275,"2014-09-12 11:15:07"
838,"Stock Parts and Supplies",283,"2014-09-12 11:15:07"
840,"Roadway Supplies",281,"2014-09-12 11:15:07"
842,"Sensational Discount Store",279,"2014-09-12 11:15:07"
844,"Future Bikes",282,"2014-09-12 11:15:07"
846,"Super Sports Store",275,"2014-09-12 11:15:07"
848,"Satin Finish Company",277,"2014-09-12 11:15:07"
850,"Regional Manufacturing",281,"2014-09-12 11:15:07"
852,"Original Bicycle Supply Company",282,"2014-09-12 11:15:07"
854,"First Center",290,"2014-09-12 11:15:07"
856,"Action Bicycle Specialists",289,"2014-09-12 11:15:07"
858,"Roadway Bike Emporium",280,"2014-09-12 11:15:07"
860,"Sleek Bikes ",277,"2014-09-12 11:15:07"
862,"Retail Sporting Equipment",281,"2014-09-12 11:15:07"
864,"Price-Cutter Discount Bikes",282,"2014-09-12 11:15:07"
866,"Brand New Bikes",290,"2014-09-12 11:15:07"
868,"Central Bicycle Specialists",289,"2014-09-12 11:15:07"
870,"Vast Bike Sales and Rental",280,"2014-09-12 11:15:07"
872,"Summer Sports Place",277,"2014-09-12 11:15:07"
874,"Real Sporting ods",281,"2014-09-12 11:15:07"
876,"Versatile Sporting ods Company",288,"2014-09-12 11:15:07"
878,"Bicycle Outfitters",275,"2014-09-12 11:15:07"
880,"The Bike Shop",283,"2014-09-12 11:15:07"
882,"Safe Toys",281,"2014-09-12 11:15:07"
884,"Qualified Sales and Repair Services",279,"2014-09-12 11:15:07"
886,"Our Sporting ods Store",282,"2014-09-12 11:15:07"
888,"Lustrous Paints and Components",288,"2014-09-12 11:15:07"
890,"Expert Sports Store",275,"2014-09-12 11:15:07"
892,"Coho Sports",283,"2014-09-12 11:15:07"
894,"Jumbo Bikes",286,"2014-09-12 11:15:07"
896,"Quick Delivery Service",278,"2014-09-12 11:15:07"
898,"Tough and Reliable Parts",279,"2014-09-12 11:15:07"
900,"Basic Sports Equipment",276,"2014-09-12 11:15:07"
902,"Cash & Carry Bikes",277,"2014-09-12 11:15:07"
904,"Convenient Bike Shop",275,"2014-09-12 11:15:07"
906,"Fitness Bike Accessories",286,"2014-09-12 11:15:07"
908,"General Bike Corporatio",278,"2014-09-12 11:15:07"
910,"Quitting Business Distributors",279,"2014-09-12 11:15:07"
912,"Retail Cycle Shop",276,"2014-09-12 11:15:07"
914,"Social Activities Club",277,"2014-09-12 11:15:07"
916,"Blue Bicycle Company",275,"2014-09-12 11:15:07"
918,"Expert Cycle Store",286,"2014-09-12 11:15:07"
920,"General Riding Supplies",278,"2014-09-12 11:15:07"
922,"Parts Shop",279,"2014-09-12 11:15:07"
924,"Riding Excursions",276,"2014-09-12 11:15:07"
926,"Unique Bikes",277,"2014-09-12 11:15:07"
928,"Rural Cycle Emporium",282,"2014-09-12 11:15:07"
930,"Associated Bikes",281,"2014-09-12 11:15:07"
932,"Modular Cycle Systems",277,"2014-09-12 11:15:07"
934,"A Bike Store",280,"2014-09-12 11:15:07"
936,"Journey Sporting ods",277,"2014-09-12 11:15:07"
938,"Two Bike Shops",280,"2014-09-12 11:15:07"
940,"Cycles Wholesaler & Mfg.",289,"2014-09-12 11:15:07"
942,"Wheels Inc.",290,"2014-09-12 11:15:07"
944,"Number One Bike Co.",289,"2014-09-12 11:15:07"
946,"Racing Supply Distributors",290,"2014-09-12 11:15:07"
948,"Standard Bikes",282,"2014-09-12 11:15:07"
950,"The Bicycle Accessories Company",281,"2014-09-12 11:15:07"
952,"Active Systems",277,"2014-09-12 11:15:07"
954,"Futuristic Sport Distributors",281,"2014-09-12 11:15:07"
956,"Finer Sales and Service",282,"2014-09-12 11:15:07"
958,"Big-Time Bike Store",281,"2014-09-12 11:15:07"
960,"The Showroom",282,"2014-09-12 11:15:07"
962,"Spa and Exercise Outfitters",290,"2014-09-12 11:15:07"
964,"Year-Round Sports",283,"2014-09-12 11:15:07"
966,"The New Bike Store",276,"2014-09-12 11:15:07"
968,"Resident Cycle Shop",279,"2014-09-12 11:15:07"
970,"Primary Bike Distributors",278,"2014-09-12 11:15:07"
972,"Major Bicycle Store",286,"2014-09-12 11:15:07"
974,"Leather and Vinyl Manufacturing",275,"2014-09-12 11:15:07"
976,"Genial Bike Associates",277,"2014-09-12 11:15:07"
978,"Commercial Sporting ods",281,"2014-09-12 11:15:07"
980,"Wholesale Parts",282,"2014-09-12 11:15:07"
982,"Steel Inc.",290,"2014-09-12 11:15:07"
984,"Riding Cycles",289,"2014-09-12 11:15:07"
986,"Metro Manufacturing",282,"2014-09-12 11:15:07"
988,"Manufacturers Inc",279,"2014-09-12 11:15:07"
990,"Locks Company",281,"2014-09-12 11:15:07"
992,"Latest Accessories Sales",283,"2014-09-12 11:15:07"
994,"Incomparable Bicycle Store",275,"2014-09-12 11:15:07"
996,"Hometown Riding Supplies",288,"2014-09-12 11:15:07"
998,"Greater Bike Store",282,"2014-09-12 11:15:07"
1000,"Games and Sport Supply Company",279,"2014-09-12 11:15:07"
1002,"Distant In",281,"2014-09-12 11:15:07"
1004,"Finer Mart",283,"2014-09-12 11:15:07"
1006,"Economic Parts Supply",275,"2014-09-12 11:15:07"
1008,"Precision Gears Inc.",288,"2014-09-12 11:15:07"
1010,"Cross-Country Riding Supplies",282,"2014-09-12 11:15:07"
1012,"Stylish Department Stores",279,"2014-09-12 11:15:07"
1014,"Bike World",281,"2014-09-12 11:15:07"
1016,"Central Discount Store",283,"2014-09-12 11:15:07"
1018,"Trusted Catalog Store",275,"2014-09-12 11:15:07"
1020,"Bicycle Warehouse Inc.",288,"2014-09-12 11:15:07"
1022,"Sharp Bikes",282,"2014-09-12 11:15:07"
1024,"Exemplary Cycles",279,"2014-09-12 11:15:07"
1026,"Metropolitan Sports Supply",281,"2014-09-12 11:15:07"
1028,"Progressive Sports",283,"2014-09-12 11:15:07"
1030,"Underglaze and Finish Company",279,"2014-09-12 11:15:07"
1032,"Brakes and Gears",276,"2014-09-12 11:15:07"
1034,"The Accessories Store",277,"2014-09-12 11:15:07"
1036,"Mountain Bike Store",275,"2014-09-12 11:15:07"
1038,"Bike Part Wholesalers",286,"2014-09-12 11:15:07"
1040,"Family Cycle Store",278,"2014-09-12 11:15:07"
1042,"Popular Bike Lines",286,"2014-09-12 11:15:07"
1044,"Superb Sales and Repair",278,"2014-09-12 11:15:07"
1046,"Better Bike Shop",279,"2014-09-12 11:15:07"
1048,"Countryside Company",276,"2014-09-12 11:15:07"
1050,"First Bike Store",277,"2014-09-12 11:15:07"
1052,"Traditional Department Stores",275,"2014-09-12 11:15:07"
1054,"Eastside Cycle Shop",286,"2014-09-12 11:15:07"
1056,"General Department Stores",278,"2014-09-12 11:15:07"
1058,"Mass Market Bikes",286,"2014-09-12 11:15:07"
1060,"Operational Manufacturing",278,"2014-09-12 11:15:07"
1062,"Online Bike Warehouse",282,"2014-09-12 11:15:07"
1064,"Retread Tire Company",279,"2014-09-12 11:15:07"
1066,"Small Bike Shop",281,"2014-09-12 11:15:07"
1068,"Superior Hardware Distributors",283,"2014-09-12 11:15:07"
1070,"Fitness Sport Boutique",275,"2014-09-12 11:15:07"
1072,"Producer ods Clearinghouse",288,"2014-09-12 11:15:07"
1074,"Recreation Systems",275,"2014-09-12 11:15:07"
1076,"Rustic Bike Store",288,"2014-09-12 11:15:07"
1078,"Eastside Parts Shop",282,"2014-09-12 11:15:07"
1080,"Exchange Parts Inc.",279,"2014-09-12 11:15:07"
1082,"First Cycle Store",281,"2014-09-12 11:15:07"
1084,"Running and Cycling Gear",283,"2014-09-12 11:15:07"
1086,"Seventh Bike Store",275,"2014-09-12 11:15:07"
1088,"Fast Services",288,"2014-09-12 11:15:07"
1090,"General Associates",279,"2014-09-12 11:15:07"
1092,"od Toys",276,"2014-09-12 11:15:07"
1094,"Little Bicycle Supply Shop",277,"2014-09-12 11:15:07"
1096,"Retail Toy Store",279,"2014-09-12 11:15:07"
1098,"Strenuous Exercise Shop",276,"2014-09-12 11:15:07"
1100,"All Seasons Sports Supply",277,"2014-09-12 11:15:07"
1102,"Leisure Clearing House",289,"2014-09-12 11:15:07"
1104,"Outdoor Toy Store",290,"2014-09-12 11:15:07"
1106,"The Commissary",282,"2014-09-12 11:15:07"
1108,"Affordable Sports Equipment",281,"2014-09-12 11:15:07"
1110,"Local Sales and Rental",277,"2014-09-12 11:15:07"
1112,"Economy Center",282,"2014-09-12 11:15:07"
1114,"Community Department Stores",290,"2014-09-12 11:15:07"
1116,"Area Sheet Metal Supply",289,"2014-09-12 11:15:07"
1118,"Synthetic Materials Manufacturing",280,"2014-09-12 11:15:07"
1120,"Rural Sales and Service",277,"2014-09-12 11:15:07"
1122,"Tubeless Tire Company",289,"2014-09-12 11:15:07"
1124,"Tires and Tubes",280,"2014-09-12 11:15:07"
1126,"Hardware Components",277,"2014-09-12 11:15:07"
1128,"Retail Sporting ods",281,"2014-09-12 11:15:07"
1130,"Efficient Cycling",282,"2014-09-12 11:15:07"
1132,"General Industries",282,"2014-09-12 11:15:07"
1134,"Highway Bike Shop",281,"2014-09-12 11:15:07"
1136,"Rental Bikes",277,"2014-09-12 11:15:07"
1138,"Roving Sports",280,"2014-09-12 11:15:07"
1140,"Express Bike Services",289,"2014-09-12 11:15:07"
1142,"Major Amusement Company",290,"2014-09-12 11:15:07"
1144,"Retail Discount Store",282,"2014-09-12 11:15:07"
1146,"Vale Riding Supplies",281,"2014-09-12 11:15:07"
1148,"A Great Bicycle Company",277,"2014-09-12 11:15:07"
1150,"Certified Bicycle Supply",280,"2014-09-12 11:15:07"
1152,"Exceptional Cycle Services",289,"2014-09-12 11:15:07"
1154,"Instant Cycle Store",290,"2014-09-12 11:15:07"
1156,"Leisure Activities",282,"2014-09-12 11:15:07"
1158,"Paints and Solvents Company",281,"2014-09-12 11:15:07"
1160,"West Wind Distributors",288,"2014-09-12 11:15:07"
1162,"Bikes for Kids and Adults",282,"2014-09-12 11:15:07"
1164,"Consolidated Sales",279,"2014-09-12 11:15:07"
1166,"Home Town Bike Store",278,"2014-09-12 11:15:07"
1168,"Optimal Bikes",279,"2014-09-12 11:15:07"
1170,"Sample Bike Store",276,"2014-09-12 11:15:07"
1172,"Extras Sporting ods",277,"2014-09-12 11:15:07"
1174,"Sure & Reliable Sporting ods",283,"2014-09-12 11:15:07"
1176,"Eleventh Bike Store",275,"2014-09-12 11:15:07"
1178,"Enterprise Center",288,"2014-09-12 11:15:07"
1180,"Purple Bicycle Company",282,"2014-09-12 11:15:07"
1182,"New and Used Bicycles",279,"2014-09-12 11:15:07"
1184,"Separate Parts Corporatio",281,"2014-09-12 11:15:07"
1186,"Basic Bike Company",283,"2014-09-12 11:15:07"
1188,"Fabrikam Inc., West",275,"2014-09-12 11:15:07"
1190,"Mechanical Brake Manufacturers",288,"2014-09-12 11:15:07"
1192,"Non-Slip Pedal Company",282,"2014-09-12 11:15:07"
1194,"Variety Bike Outlet",279,"2014-09-12 11:15:07"
1196,"Weekend Bike Tours",281,"2014-09-12 11:15:07"
1198,"Fabrikam Inc., East",288,"2014-09-12 11:15:07"
1200,"General Supplies",282,"2014-09-12 11:15:07"
1202,"Noiseless Gear Company",279,"2014-09-12 11:15:07"
1204,"Racing Toys",281,"2014-09-12 11:15:07"
1206,"Capable Sales and Service",280,"2014-09-12 11:15:07"
1208,"Little Sports Center",289,"2014-09-12 11:15:07"
1210,"Pretty Bikes and Toys",290,"2014-09-12 11:15:07"
1212,"Road Way Sales and Rental",282,"2014-09-12 11:15:07"
1214,"Sturdy Toys",281,"2014-09-12 11:15:07"
1216,"Beneficial Exercises and Activities",277,"2014-09-12 11:15:07"
1218,"Fad Outlet",280,"2014-09-12 11:15:07"
1220,"Commerce Bicycle Specialists",289,"2014-09-12 11:15:07"
1222,"Township In",290,"2014-09-12 11:15:07"
1224,"Acceptable Sales & Service",282,"2014-09-12 11:15:07"
1226,"Brown Bicycle Company",281,"2014-09-12 11:15:07"
1228,"District Mall",277,"2014-09-12 11:15:07"
1230,"Fitness Supplies",280,"2014-09-12 11:15:07"
1232,"Mail Market",289,"2014-09-12 11:15:07"
1234,"Spare Parts Co.",290,"2014-09-12 11:15:07"
1236,"Twelfth Bike Store",282,"2014-09-12 11:15:07"
1238,"Consolidated Messenger",278,"2014-09-12 11:15:07"
1240,"Daring Rides",279,"2014-09-12 11:15:07"
1242,"Field Trip Store",276,"2014-09-12 11:15:07"
1244,"Finish and Sealant Products",281,"2014-09-12 11:15:07"
1246,"Finer Parts Shop",283,"2014-09-12 11:15:07"
1248,"Glossy Bikes",275,"2014-09-12 11:15:07"
1250,"Next Door Cycles",288,"2014-09-12 11:15:07"
1252,"Up-To-Date Sports",282,"2014-09-12 11:15:07"
1254,"Mountain Bike Center",281,"2014-09-12 11:15:07"
1256,"Specialty Sports Store",277,"2014-09-12 11:15:07"
1258,"Scooters and Bikes Store",280,"2014-09-12 11:15:07"
1260,"Closest Bicycle Store",289,"2014-09-12 11:15:07"
1262,"Roadway Bicycle Supply",290,"2014-09-12 11:15:07"
1264,"Refined Department Stores",282,"2014-09-12 11:15:07"
1266,"Reasonable Bicycle Sales",281,"2014-09-12 11:15:07"
1268,"Out-of-the-Way Hotels",277,"2014-09-12 11:15:07"
1270,"Outdoor Sports Supply",280,"2014-09-12 11:15:07"
1272,"Outdoor Aerobic Systems Company",289,"2014-09-12 11:15:07"
1274,"Self-Contained Cycle Parts Company",290,"2014-09-12 11:15:07"
1276,"Metal Clearing House",282,"2014-09-12 11:15:07"
1278,"Many Bikes Store",281,"2014-09-12 11:15:07"
1280,"Largest Bike Store",277,"2014-09-12 11:15:07"
1282,"Kickstands and Accessories Company",280,"2014-09-12 11:15:07"
1284,"Instruments and Parts Company",289,"2014-09-12 11:15:07"
1286,"Neighborhood Bicycle Storehouse",290,"2014-09-12 11:15:07"
1288,"Gear-Shift Bikes Limited",282,"2014-09-12 11:15:07"
1290,"Frugal Bike Shop",281,"2014-09-12 11:15:07"
1292,"Family Entertainment Center",280,"2014-09-12 11:15:07"
1294,"-cart and Bike Specialists",277,"2014-09-12 11:15:07"
1296,"Trailblazing Sports",281,"2014-09-12 11:15:07"
1298,"Racing Partners",282,"2014-09-12 11:15:07"
1300,"Perfect Toys",290,"2014-09-12 11:15:07"
1302,"Exhibition Showroom",289,"2014-09-12 11:15:07"
1304,"Authorized Bike Sales and Rental",280,"2014-09-12 11:15:07"
1306,"Two-Seater Bikes",277,"2014-09-12 11:15:07"
1308,"More Bikes!",276,"2014-09-12 11:15:07"
1310,"Unified Sports Company",279,"2014-09-12 11:15:07"
1312,"National Manufacturing",278,"2014-09-12 11:15:07"
1314,"Volume Bike Sellers",286,"2014-09-12 11:15:07"
1316,"Wheelsets Storehouse",275,"2014-09-12 11:15:07"
1318,"Town Industries",277,"2014-09-12 11:15:07"
1320,"Security Racks and Locks Wholesalers",281,"2014-09-12 11:15:07"
1322,"Rapid Bikes",282,"2014-09-12 11:15:07"
1324,"Metro Sports Equipment",290,"2014-09-12 11:15:07"
1326,"Nearby Sporting ods",289,"2014-09-12 11:15:07"
1328,"Front Sporting ods",280,"2014-09-12 11:15:07"
1330,"Elite Bikes",277,"2014-09-12 11:15:07"
1332,"Catalog Store",275,"2014-09-12 11:15:07"
1334,"Chic Department Stores",277,"2014-09-12 11:15:07"
1336,"Eastside Department Store",276,"2014-09-12 11:15:07"
1338,"Sports Sales and Rental",279,"2014-09-12 11:15:07"
1340,"Cycle Merchants",278,"2014-09-12 11:15:07"
1342,"Global Sports Outlet",286,"2014-09-12 11:15:07"
1344,"Exotic Bikes",275,"2014-09-12 11:15:07"
1346,"Fitness Hotel",277,"2014-09-12 11:15:07"
1348,"Healthy Activity Store",276,"2014-09-12 11:15:07"
1350,"Every Bike Shop",279,"2014-09-12 11:15:07"
1352,"Grand Industries",278,"2014-09-12 11:15:07"
1354,"Ideal Components",286,"2014-09-12 11:15:07"
1356,"Larger Cycle Shop",275,"2014-09-12 11:15:07"
1358,"Leading Sales & Repair",277,"2014-09-12 11:15:07"
1360,"Main Bicycle Services",276,"2014-09-12 11:15:07"
1362,"Metro Bike Mart",279,"2014-09-12 11:15:07"
1364,"Tandem Sales and Service",278,"2014-09-12 11:15:07"
1366,"Sensible Sports",286,"2014-09-12 11:15:07"
1368,"Reliable Retail Center",278,"2014-09-12 11:15:07"
1370,"Liquidation Sales",286,"2014-09-12 11:15:07"
1372,"Friendly Bike Shop",275,"2014-09-12 11:15:07"
1374,"Yellow Bicycle Company",277,"2014-09-12 11:15:07"
1376,"Sports Products Store",276,"2014-09-12 11:15:07"
1378,"Selected Distributors",279,"2014-09-12 11:15:07"
1380,"Impervious Paint Company",290,"2014-09-12 11:15:07"
1382,"Shipping Specialists",289,"2014-09-12 11:15:07"
1384,"Finer Sporting ods",290,"2014-09-12 11:15:07"
1386,"Authentic Sales and Service",289,"2014-09-12 11:15:07"
1388,"Official Parts Shop",280,"2014-09-12 11:15:07"
1390,"Contoso, Ltd.",277,"2014-09-12 11:15:07"
1392,"Discount Tours",281,"2014-09-12 11:15:07"
1394,"Tire Exchange",282,"2014-09-12 11:15:07"
1396,"Racing Tours",290,"2014-09-12 11:15:07"
1398,"Oils and Fluids Warehouse",289,"2014-09-12 11:15:07"
1400,"Finished Parts Shop",290,"2014-09-12 11:15:07"
1402,"Consumer Equipment",289,"2014-09-12 11:15:07"
1404,"Rally Master Company Inc",281,"2014-09-12 11:15:07"
1406,"Professional Cyclists",282,"2014-09-12 11:15:07"
1408,"Sports Products Store",290,"2014-09-12 11:15:07"
1410,"Exclusive Bicycle Mart",289,"2014-09-12 11:15:07"
1412,"City Manufacturing",280,"2014-09-12 11:15:07"
1414,"Bike Dealers Associatio",281,"2014-09-12 11:15:07"
1416,"Pedal Systems Company",279,"2014-09-12 11:15:07"
1418,"Health Spa, Limited",282,"2014-09-12 11:15:07"
1420,"Global Bike Retailers",288,"2014-09-12 11:15:07"
1422,"Fashionable Department Stores",275,"2014-09-12 11:15:07"
1424,"Closeout Boutique",283,"2014-09-12 11:15:07"
1426,"Bicycle Merchandise Warehouse",281,"2014-09-12 11:15:07"
1428,"Spoke Manufacturers",279,"2014-09-12 11:15:07"
1430,"Leather Seat Factory",282,"2014-09-12 11:15:07"
1432,"od Bicycle Store",288,"2014-09-12 11:15:07"
1434,"Endurance Bikes",275,"2014-09-12 11:15:07"
1436,"Practical Bike Supply Company",277,"2014-09-12 11:15:07"
1438,"Some Discount Store",280,"2014-09-12 11:15:07"
1440,"Variety Cycling",289,"2014-09-12 11:15:07"
1442,"Accessories Network",290,"2014-09-12 11:15:07"
1444,"Remote Bicycle Specialists",282,"2014-09-12 11:15:07"
1446,"Curbside Sporting ods",281,"2014-09-12 11:15:07"
1448,"Friendly Neighborhood Bikes",277,"2014-09-12 11:15:07"
1450,"Guaranteed Sales and Service",275,"2014-09-12 11:15:07"
1452,"Preferable Bikes",286,"2014-09-12 11:15:07"
1454,"Recommended Bicycles",278,"2014-09-12 11:15:07"
1456,"Sunny Place Bikes",279,"2014-09-12 11:15:07"
1458,"Alpine Ski House",276,"2014-09-12 11:15:07"
1460,"Cycles and Scooters",279,"2014-09-12 11:15:07"
1462,"Small Bike Accessories Shop",275,"2014-09-12 11:15:07"
1464,"List Price Catalog Company",286,"2014-09-12 11:15:07"
1466,"Seats and Saddles Company",278,"2014-09-12 11:15:07"
1468,"Village Tours",279,"2014-09-12 11:15:07"
1470,"All Cycle Shop",280,"2014-09-12 11:15:07"
1472,"Tachometers and Accessories",289,"2014-09-12 11:15:07"
1474,"Cycles Sales and Repair",290,"2014-09-12 11:15:07"
1476,"Low Price Cycles",282,"2014-09-12 11:15:07"
1478,"Metropolitan Manufacturing",281,"2014-09-12 11:15:07"
1480,"Orange Bicycle Company",277,"2014-09-12 11:15:07"
1482,"Riding Associates",280,"2014-09-12 11:15:07"
1484,"Essential Bike Works",289,"2014-09-12 11:15:07"
1486,"Rural Mountain Bike Mart",290,"2014-09-12 11:15:07"
1488,"City Cycling",282,"2014-09-12 11:15:07"
1490,"Engineered Bike Systems",281,"2014-09-12 11:15:07"
1796,"Professional Containers and Packaging Co.",281,"2014-09-12 11:15:07"
1798,"One Bike Company",282,"2014-09-12 11:15:07"
1800,"Hiatus Bike Tours",290,"2014-09-12 11:15:07"
1802,"Cycling ods",289,"2014-09-12 11:15:07"
1804,"Cycle Clearance",280,"2014-09-12 11:15:07"
1806,"Black Bicycle Company",277,"2014-09-12 11:15:07"
1808,"Transport Bikes",281,"2014-09-12 11:15:07"
1810,"Sellers of Cycles",280,"2014-09-12 11:15:07"
1812,"Maintenance and Repair for Bicycles",277,"2014-09-12 11:15:07"
1814,"Fitness Department Stores",281,"2014-09-12 11:15:07"
1816,"Famous Bike Shop",278,"2014-09-12 11:15:07"
1818,"Eastward Bike Accessories",286,"2014-09-12 11:15:07"
1820,"Strong Metal Manufacturing",275,"2014-09-12 11:15:07"
1822,"Gift and Toy Store",277,"2014-09-12 11:15:07"
1824,"Major Sporting ods",276,"2014-09-12 11:15:07"
1826,"Executive Discount Store",279,"2014-09-12 11:15:07"
1828,"Major Cycling",282,"2014-09-12 11:15:07"
1830,"Getaway In",290,"2014-09-12 11:15:07"
1832,"Downhill Bicycle Specialists",289,"2014-09-12 11:15:07"
1834,"Bike Experts",280,"2014-09-12 11:15:07"
1836,"Extraordinary Bike Works",277,"2014-09-12 11:15:07"
1838,"Valley Bicycle Distributors",281,"2014-09-12 11:15:07"
1840,"Top Sports Supply",282,"2014-09-12 11:15:07"
1842,"Racing Sales and Service",290,"2014-09-12 11:15:07"
1844,"Metropolitan Bicycle Supply",289,"2014-09-12 11:15:07"
1846,"Honest Repair Service",280,"2014-09-12 11:15:07"
1848,"Designer Department Stores",277,"2014-09-12 11:15:07"
1850,"Wheel Gallery",281,"2014-09-12 11:15:07"
1852,"Top Bike Market",278,"2014-09-12 11:15:07"
1854,"Region Bike Company",286,"2014-09-12 11:15:07"
1856,"Grown-up Bike Store",275,"2014-09-12 11:15:07"
1858,"Bicycle Lines Distributors",277,"2014-09-12 11:15:07"
1860,"Sparkling Paint and Finishes",276,"2014-09-12 11:15:07"
1862,"Racing Associatio",279,"2014-09-12 11:15:07"
1864,"Plastic Parts Company",278,"2014-09-12 11:15:07"
1866,"Gears and Parts Company",286,"2014-09-12 11:15:07"
1868,"Executive Gift Store",275,"2014-09-12 11:15:07"
1870,"Big Cycle Mall",277,"2014-09-12 11:15:07"
1872,"Budget Bike Company",279,"2014-09-12 11:15:07"
1874,"Eighth Bike Store",281,"2014-09-12 11:15:07"
1876,"Demand Distributors",283,"2014-09-12 11:15:07"
1878,"Immediate Repair Shop",275,"2014-09-12 11:15:07"
1880,"Off-Price Bike Center",288,"2014-09-12 11:15:07"
1882,"Red Bicycle Company",282,"2014-09-12 11:15:07"
1884,"Retirement Activities Associatio",279,"2014-09-12 11:15:07"
1886,"Trendy Department Stores",281,"2014-09-12 11:15:07"
1888,"Vintage Sport Boutique",283,"2014-09-12 11:15:07"
1890,"Travel Sports",280,"2014-09-12 11:15:07"
1892,"West Side Mart",289,"2014-09-12 11:15:07"
1894,"The Bike Outlet",290,"2014-09-12 11:15:07"
1896,"Tenth Bike Store",282,"2014-09-12 11:15:07"
1898,"Valuable Bike Parts Company",279,"2014-09-12 11:15:07"
1900,"Fun Times Club",281,"2014-09-12 11:15:07"
1902,"Chain and Chain Tool Distributions",279,"2014-09-12 11:15:07"
1904,"Mobile Outlet",275,"2014-09-12 11:15:07"
1906,"Regional Cycle Shop",288,"2014-09-12 11:15:07"
1908,"Rural Bicycle Supply",282,"2014-09-12 11:15:07"
1910,"Wingtip Toys",283,"2014-09-12 11:15:07"
1912,"The Cycle Store",275,"2014-09-12 11:15:07"
1914,"Educational Services",288,"2014-09-12 11:15:07"
1916,"Active Life Toys",282,"2014-09-12 11:15:07"
1918,"Simple Bike Parts",279,"2014-09-12 11:15:07"
1920,"Timely Shipping Service",281,"2014-09-12 11:15:07"
1922,"A Cycle Shop",283,"2014-09-12 11:15:07"
1924,"Bike Products and Accessories",275,"2014-09-12 11:15:07"
1926,"Fitness Toys",288,"2014-09-12 11:15:07"
1928,"Quick Parts and Service",278,"2014-09-12 11:15:07"
1930,"Reliable Brake Systems",279,"2014-09-12 11:15:07"
1932,"Thrifty Parts and Sales",276,"2014-09-12 11:15:07"
1934,"A Typical Bike Shop",277,"2014-09-12 11:15:07"
1936,"Active Transport Inc.",275,"2014-09-12 11:15:07"
1938,"Cycle Parts and Accessories",286,"2014-09-12 11:15:07"
1940,"Fasteners & Bolts Outlet",278,"2014-09-12 11:15:07"
1942,"Functional Store North",279,"2014-09-12 11:15:07"
1944,"Quantity Discounts",276,"2014-09-12 11:15:07"
1946,"Swift Cycles",277,"2014-09-12 11:15:07"
1948,"Classic Cycle Store",275,"2014-09-12 11:15:07"
1950,"Helpful Sales and Repair Service ",286,"2014-09-12 11:15:07"
1952,"Large Bike Shop",278,"2014-09-12 11:15:07"
1954,"Recreation Supplies",279,"2014-09-12 11:15:07"
1956,"Wire Baskets and Parts",276,"2014-09-12 11:15:07"
1958,"Ultimate Bicycle Company",290,"2014-09-12 11:15:07"
1960,"Sports Store",289,"2014-09-12 11:15:07"
1962,"Metropolitan Equipment",290,"2014-09-12 11:15:07"
1964,"Extended Tours",289,"2014-09-12 11:15:07"
1966,"Convenient Sales and Service",280,"2014-09-12 11:15:07"
1968,"Solid Bike Parts",277,"2014-09-12 11:15:07"
1970,"Permanent Finish Products",281,"2014-09-12 11:15:07"
1972,"Mercantile Outlet",282,"2014-09-12 11:15:07"
1974,"Links Works",288,"2014-09-12 11:15:07"
1976,"Exhilarating Cycles",275,"2014-09-12 11:15:07"
1978,"Exercise Center",281,"2014-09-12 11:15:07"
1980,"Great Bicycle Supply",277,"2014-09-12 11:15:07"
1982,"Mail-Order Outlet",280,"2014-09-12 11:15:07"
1984,"Nearby Cycle Shop",289,"2014-09-12 11:15:07"
1986,"Recreation Toy Store",290,"2014-09-12 11:15:07"
1988,"Retreat In",282,"2014-09-12 11:15:07"
1990,"Technical Parts Manufacturing",281,"2014-09-12 11:15:07"
1992,"Totes & Baskets Company",277,"2014-09-12 11:15:07"
1994,"World of Bikes",277,"2014-09-12 11:15:07"
2051,"A Bicycle Associatio",275,"2014-09-12 11:15:07"
